Id,Label,CurrentValue,PortfolioGroupingId
C8CC4959-A03A-4291-B25C-00EC563B394E,Solovis / Apple Venture Partners 2 LP,1.0600000000,73
C8CC4959-A03A-4291-B25C-00EC563B394E,Solovis / Apple Venture Partners 2 LP,1.0600000000,128
02F494F2-D55A-4624-A70D-013DFCA12D2E,Solovis / Oculus Real Estate 3 LP,176120.0200000000,12
02F494F2-D55A-4624-A70D-013DFCA12D2E,Solovis / Oculus Real Estate 3 LP,176120.0200000000,126
D9734B04-AAC0-478F-9E8D-02BC13932BAE,Solovis / Jeremiah Partners LP,7515742.9300000000,25
D9734B04-AAC0-478F-9E8D-02BC13932BAE,Solovis / Jeremiah Partners LP,7515742.9300000000,130
7242DF6F-08D0-4C66-9F0E-03136EBAB915,Solovis / Simmer Fund 2B LP,0.0000000000,47
7242DF6F-08D0-4C66-9F0E-03136EBAB915,Solovis / Simmer Fund 2B LP,0.0000000000,128
2B7DFDF4-4108-46AF-8B83-066978974E17,Solovis / Wellish Real Estate 5 LP,3744860.9000000000,34
2B7DFDF4-4108-46AF-8B83-066978974E17,Solovis / Wellish Real Estate 5 LP,3744860.9000000000,126
4EDF5168-E8F1-4DDE-8BC5-07149F30368A,Solovis / Apparatus Real Estate Fund 4 LP,431517.9000000000,74
4EDF5168-E8F1-4DDE-8BC5-07149F30368A,Solovis / Apparatus Real Estate Fund 4 LP,431517.9000000000,126
9450E064-B071-4EB0-B31B-0AC3CB8580D5,Solovis Endowment / MGRAF TEST DRAWDOWN FUND,0.0000000000,31
9450E064-B071-4EB0-B31B-0AC3CB8580D5,Solovis Endowment / MGRAF TEST DRAWDOWN FUND,0.0000000000,86
9694D75A-145A-4FB4-9B06-0B9C3A87DCA2,Solovis / Turing Associates 10 LP,421280.4000000000,40
9694D75A-145A-4FB4-9B06-0B9C3A87DCA2,Solovis / Turing Associates 10 LP,421280.4000000000,130
EB068CFA-7F4B-4EFA-853F-0C54AA8A804A,Solovis / Gracious Global Ventures 2 LP,5505423.9200000000,98
EB068CFA-7F4B-4EFA-853F-0C54AA8A804A,Solovis / Gracious Global Ventures 2 LP,5505423.9200000000,128
0995E01F-A521-4E14-973A-0D4B8160BA82,Solovis / Wellman Partners LP,276675.2500000000,33
0995E01F-A521-4E14-973A-0D4B8160BA82,Solovis / Wellman Partners LP,276675.2500000000,128
3EDA3448-6713-4E0C-86B2-0EAD32311A3A,Solovis / BELL ABR,118198059.5902000000,69
3EDA3448-6713-4E0C-86B2-0EAD32311A3A,Solovis / BELL ABR,118198059.5902000000,124
661BDC91-EB3D-4EC0-BBA6-0F33A883F778,Solovis / Anti-Benchmark Emerging Markets Equity,64785205.9702000000,75
661BDC91-EB3D-4EC0-BBA6-0F33A883F778,Solovis / Anti-Benchmark Emerging Markets Equity,64785205.9702000000,122
1F834257-2D9D-4112-9560-103D8DC21ADB,Solovis / Quilted Partners LP,820352.8800000000,56
1F834257-2D9D-4112-9560-103D8DC21ADB,Solovis / Quilted Partners LP,820352.8800000000,128
036D61F6-BDB3-441B-8B8C-1119834C4444,Solovis / Fremont Fund 4 (Coinvestment Fund B) LP,7134587.2500000000,105
036D61F6-BDB3-441B-8B8C-1119834C4444,Solovis / Fremont Fund 4 (Coinvestment Fund B) LP,7134587.2500000000,130
B3FFE1EE-AA6D-4594-9C10-11954BC148EC,Solovis / Cash,43219068.4757000000,79
B3FFE1EE-AA6D-4594-9C10-11954BC148EC,Solovis / Cash,43219068.4757000000,125
8284BCD4-ABBB-429A-A0C6-11B6C8A44677,Solovis / Prodigious 9 LP,209917.4000000000,30
8284BCD4-ABBB-429A-A0C6-11B6C8A44677,Solovis / Prodigious 9 LP,209917.4000000000,128
44CD6E12-EEBA-4382-BEC4-11C268029A18,Solovis / Offshore Fixed Income Fund,81686242.1760000000,7
44CD6E12-EEBA-4382-BEC4-11C268029A18,Solovis / Offshore Fixed Income Fund,81686242.1760000000,131
224CE08D-4780-4B63-B8DC-1471FF1C40F3,Solovis / Pacific Multi-Strategy ABR,84833908.2480000000,9
224CE08D-4780-4B63-B8DC-1471FF1C40F3,Solovis / Pacific Multi-Strategy ABR,84833908.2480000000,129
4BCA59F0-753F-4A3C-8BF6-1536900FDE25,Solovis / Proven Partners 6 LP,0.0000000000,29
4BCA59F0-753F-4A3C-8BF6-1536900FDE25,Solovis / Proven Partners 6 LP,0.0000000000,130
6BF56FB2-1F27-4E53-B453-163B6B04D2EA,Solovis / Cellar Energy LP,1015473.3319000000,62
6BF56FB2-1F27-4E53-B453-163B6B04D2EA,Solovis / Cellar Energy LP,1015473.3319000000,127
B8F52B9B-77B1-47A4-8528-190424BADBCB,Solovis / Petrus 3 LP (EUR),8664723.2314230000,11
B8F52B9B-77B1-47A4-8528-190424BADBCB,Solovis / Petrus 3 LP (EUR),8664723.2314230000,126
80509305-7385-40A9-922F-1A70EF8894BF,Solovis / Fremont Coinvestment Fund (Coinvestment Fund B) LP,1.0600000000,105
80509305-7385-40A9-922F-1A70EF8894BF,Solovis / Fremont Coinvestment Fund (Coinvestment Fund B) LP,1.0600000000,130
542D65C5-5B45-48A8-B953-1B438D250268,Solovis / Global Equity International Ltd.,58464119.7788000000,100
542D65C5-5B45-48A8-B953-1B438D250268,Solovis / Global Equity International Ltd.,58464119.7788000000,123
3B3E0EA7-F6BD-4CE0-BEC9-1B96FA7311C9,Solovis / Living Ventures 3 LP,3966286.5000000000,14
3B3E0EA7-F6BD-4CE0-BEC9-1B96FA7311C9,Solovis / Living Ventures 3 LP,3966286.5000000000,128
97B72CC8-D749-4B15-ADC2-1DD46BA54D1D,Solovis / Turing Associates 9 LP,0.0000000000,40
97B72CC8-D749-4B15-ADC2-1DD46BA54D1D,Solovis / Turing Associates 9 LP,0.0000000000,130
CD045EC5-1976-4D3C-B5AD-1F6214EDB95E,Solovis / Helix Partners LLC,2827022.1000000000,109
CD045EC5-1976-4D3C-B5AD-1F6214EDB95E,Solovis / Helix Partners LLC,2827022.1000000000,128
D710F7F8-2AA5-4917-9264-2256EA3789BD,Solovis Endowment / Test Fund,0.0000000000,31
D710F7F8-2AA5-4917-9264-2256EA3789BD,Solovis Endowment / Test Fund,0.0000000000,80
642297AF-D1A0-498D-BBFC-2290DBABC9B8,Solovis / Lower Power Equity 2 PIE LP,2868690.3400000000,27
642297AF-D1A0-498D-BBFC-2290DBABC9B8,Solovis / Lower Power Equity 2 PIE LP,2868690.3400000000,127
BDC6CDE7-66C7-4D1A-A1BC-22ACFB182EAA,Solovis / Latin America ESG Consumer Fund,17553013.1784000000,20
BDC6CDE7-66C7-4D1A-A1BC-22ACFB182EAA,Solovis / Latin America ESG Consumer Fund,17553013.1784000000,122
DA14A867-AEBA-4101-89A6-26823275A3AC,Solovis / Linked Partners 4 LP,30682253.0400000000,16
DA14A867-AEBA-4101-89A6-26823275A3AC,Solovis / Linked Partners 4 LP,30682253.0400000000,127
42A18F76-10A3-414A-A90B-26D639BFCFDE,Solovis / Valiance Venture 4 LP,15544778.8500000000,37
42A18F76-10A3-414A-A90B-26D639BFCFDE,Solovis / Valiance Venture 4 LP,15544778.8500000000,128
E4B1CB14-8638-4ECA-AB7D-286AC7C25B60,Solovis / Fremont Fund 3 (Coinvestment Fund B) LP,2131280.8000000000,105
E4B1CB14-8638-4ECA-AB7D-286AC7C25B60,Solovis / Fremont Fund 3 (Coinvestment Fund B) LP,2131280.8000000000,130
12352BB6-2A05-4802-AE38-297B60527474,Solovis / Prodigious 12 LP,21074357.7000000000,30
12352BB6-2A05-4802-AE38-297B60527474,Solovis / Prodigious 12 LP,21074357.7000000000,128
51CB50E1-8AFB-4DC4-A308-2AE36D965BDD,Solovis / Chunk Capital Partners 2 LP,0.0000000000,120
51CB50E1-8AFB-4DC4-A308-2AE36D965BDD,Solovis / Chunk Capital Partners 2 LP,0.0000000000,130
8BDC13DD-D397-450F-B31C-2B935ED5919A,Solovis / Wimmer Real Estate Partnership 9 and 10,146181.2600000000,101
8BDC13DD-D397-450F-B31C-2B935ED5919A,Solovis / Wimmer Real Estate Partnership 9 and 10,146181.2600000000,126
9A6BE2C5-E965-4BF8-93F3-2C83BE05A151,Solovis / Tiller Creek Real Assets (Bermuda) Ltd.,586687.0485000000,113
9A6BE2C5-E965-4BF8-93F3-2C83BE05A151,Solovis / Tiller Creek Real Assets (Bermuda) Ltd.,586687.0485000000,126
2E4D382C-AB35-41F4-B262-2EF8298C185F,Solovis / Lilac Asian Fund 2 LP,141399.5000000000,17
2E4D382C-AB35-41F4-B262-2EF8298C185F,Solovis / Lilac Asian Fund 2 LP,141399.5000000000,126
ADC20D7F-57A8-49FB-92F0-3197ABBA185F,Solovis / Triple Fund 8 LP,352237.4748000000,42
ADC20D7F-57A8-49FB-92F0-3197ABBA185F,Solovis / Triple Fund 8 LP,352237.4748000000,130
6981D805-4AAC-4288-A5D3-31D5E6ECF8CA,Solovis / SCAR 7 LP,0.0000000000,53
6981D805-4AAC-4288-A5D3-31D5E6ECF8CA,Solovis / SCAR 7 LP,0.0000000000,130
E5E03561-4AD0-45B1-8737-32D9A4D1FF17,Solovis / Flux 6 LP,0.0000000000,108
E5E03561-4AD0-45B1-8737-32D9A4D1FF17,Solovis / Flux 6 LP,0.0000000000,130
B14AC0C8-6BB6-49F1-9222-3637EFFB0451,Solovis / Frederix Defensive Equity,49864229.5600000000,81
B14AC0C8-6BB6-49F1-9222-3637EFFB0451,Solovis / Frederix Defensive Equity,49864229.5600000000,106
6DC4C156-AB65-47EC-A1D2-36E38CE1ED1B,Solovis / Wooden Alpha Fund,93756.6007000000,32
6DC4C156-AB65-47EC-A1D2-36E38CE1ED1B,Solovis / Wooden Alpha Fund,93756.6007000000,124
DC638DD7-A0F8-48B9-A4C9-376F586F18EB,Solovis / Simple C & I Fund 2 Ltd,0.0000000000,46
DC638DD7-A0F8-48B9-A4C9-376F586F18EB,Solovis / Simple C & I Fund 2 Ltd,0.0000000000,85
3E12FBAB-6BC6-4243-9773-37FDF511E5B4,Solovis / Carpenter Health Partners LP,0.0000000000,63
3E12FBAB-6BC6-4243-9773-37FDF511E5B4,Solovis / Carpenter Health Partners LP,0.0000000000,128
34478B8C-2144-4AFE-B88F-3CF9F72BD74C,Solovis / Wellesley 2 LP,0.0000000000,35
34478B8C-2144-4AFE-B88F-3CF9F72BD74C,Solovis / Wellesley 2 LP,0.0000000000,130
F8F31163-CF8A-4B03-97AB-3D47C73F4F0E,Solovis / Spartan US Equity 2,7112415.6000000000,45
F8F31163-CF8A-4B03-97AB-3D47C73F4F0E,Solovis / Spartan US Equity 2,7112415.6000000000,81
647A084C-7B08-4161-A79D-3EA4E0298C8F,Solovis / Growth Acquisition Partners 5 LP,471650.0400000000,102
647A084C-7B08-4161-A79D-3EA4E0298C8F,Solovis / Growth Acquisition Partners 5 LP,471650.0400000000,126
718205F8-B585-4484-9DEA-4086AC5669FA,Solovis / Piqued Ventures 5 LP,5588270.8100000000,15
718205F8-B585-4484-9DEA-4086AC5669FA,Solovis / Piqued Ventures 5 LP,5588270.8100000000,128
24914F16-EC2B-482C-B7A4-40A97D538D16,Solovis / Turner Credits 2B LP,0.0000000000,12
24914F16-EC2B-482C-B7A4-40A97D538D16,Solovis / Turner Credits 2B LP,0.0000000000,128
2D7D2CD7-602C-47A0-BE8A-40F4F557705C,Solovis / Julian 2 LP,4800335.1000000000,24
2D7D2CD7-602C-47A0-BE8A-40F4F557705C,Solovis / Julian 2 LP,4800335.1000000000,130
30141FEF-6E82-430C-8FD8-411AB45EA619,Solovis / Proctor Gas Technology Partners 2 LP,1611319.6000000000,62
30141FEF-6E82-430C-8FD8-411AB45EA619,Solovis / Proctor Gas Technology Partners 2 LP,1611319.6000000000,127
DABD566B-D598-4D6A-913C-41FF723EC0C0,Solovis / Gem Fund 9/B LP,1759148.4800000000,102
DABD566B-D598-4D6A-913C-41FF723EC0C0,Solovis / Gem Fund 9/B LP,1759148.4800000000,130
4BAC2017-299C-4328-9BAA-428C66CADA0F,Solovis / Chuck Partnership 11 LP,614816.4000000000,91
4BAC2017-299C-4328-9BAA-428C66CADA0F,Solovis / Chuck Partnership 11 LP,614816.4000000000,128
96A354E1-031A-4162-930F-4353BD7ED17D,Solovis / Prodigious Growth 3 LP,4429594.0800000000,30
96A354E1-031A-4162-930F-4353BD7ED17D,Solovis / Prodigious Growth 3 LP,4429594.0800000000,128
E67BF9AF-675E-4E7E-9B75-46585BE1CFDD,Solovis / Spirit Asia Fund 2 LP,7821313.5300000000,44
E67BF9AF-675E-4E7E-9B75-46585BE1CFDD,Solovis / Spirit Asia Fund 2 LP,7821313.5300000000,128
EB55C933-5DF7-4B77-AB4D-4C440078334C,Solovis / Proctor Gas 7 Coinvestment LP,0.0000000000,62
EB55C933-5DF7-4B77-AB4D-4C440078334C,Solovis / Proctor Gas 7 Coinvestment LP,0.0000000000,127
825794C8-9680-41EF-8C3B-4EBDB6FCAB4B,Solovis / Shirah Ventures LP,10267875.3600000000,50
825794C8-9680-41EF-8C3B-4EBDB6FCAB4B,Solovis / Shirah Ventures LP,10267875.3600000000,128
C43829A0-CC4E-4467-B049-4F0338D32925,Solovis / Hearly Forests 5 Side Fund LP,5958055.3564000000,95
C43829A0-CC4E-4467-B049-4F0338D32925,Solovis / Hearly Forests 5 Side Fund LP,5958055.3564000000,127
D96DE7DB-3255-44DB-8331-4F1E3700F6FF,Solovis / Special Opportunities ABR,43767885.7660000000,105
D96DE7DB-3255-44DB-8331-4F1E3700F6FF,Solovis / Special Opportunities ABR,43767885.7660000000,124
6AB66ECE-22CE-466A-B97A-523CF6E37539,Solovis / Aspen Realty 2 LP,1714762.0000000000,72
6AB66ECE-22CE-466A-B97A-523CF6E37539,Solovis / Aspen Realty 2 LP,1714762.0000000000,126
F0A4A8F7-8A27-46C7-AA4C-55BF6AE5FB31,Solovis / Future Capital 4 LP,5421344.9892000000,105
F0A4A8F7-8A27-46C7-AA4C-55BF6AE5FB31,Solovis / Future Capital 4 LP,5421344.9892000000,128
C5D251F1-0A00-498D-8A01-5A8E9275ECF6,Solovis / Primer 11 LP,2846787.1200000000,28
C5D251F1-0A00-498D-8A01-5A8E9275ECF6,Solovis / Primer 11 LP,2846787.1200000000,128
85C320C6-CF31-41D3-A4D9-5D12E3C4DC59,Solovis / Access II LP Update Test,3706162.9000000000,78
85C320C6-CF31-41D3-A4D9-5D12E3C4DC59,Solovis / Access II LP Update Test,3706162.9000000000,128
CE2FBF0E-E1D4-4103-85D7-5F18EFF97650,Solovis / Trumage 6 LP,4248490.4000000000,41
CE2FBF0E-E1D4-4103-85D7-5F18EFF97650,Solovis / Trumage 6 LP,4248490.4000000000,128
8727C843-9095-483E-88D5-5F99F58F1238,Solovis / Piqued Ventures 6 LP,16053711.8400000000,15
8727C843-9095-483E-88D5-5F99F58F1238,Solovis / Piqued Ventures 6 LP,16053711.8400000000,128
3C38B58E-A5F1-41F4-8CE5-63353EA89F9A,Solovis / Inverted From Investments 2 LP,503030.5200000000,60
3C38B58E-A5F1-41F4-8CE5-63353EA89F9A,Solovis / Inverted From Investments 2 LP,503030.5200000000,130
711C4964-8506-4354-9065-63AB4A380D4E,Solovis / Beached Strategic Partners 3 LP,0.0000000000,70
711C4964-8506-4354-9065-63AB4A380D4E,Solovis / Beached Strategic Partners 3 LP,0.0000000000,126
6B746C6C-29B7-4850-BF26-6445DA04D4A5,Solovis / Iris Opportunity Fund LP,25237829.4800000000,26
6B746C6C-29B7-4850-BF26-6445DA04D4A5,Solovis / Iris Opportunity Fund LP,25237829.4800000000,130
402DFB3C-B2A3-4891-A986-64B32845F52B,Solovis / Limon Urban 1 LP,0.0000000000,114
402DFB3C-B2A3-4891-A986-64B32845F52B,Solovis / Limon Urban 1 LP,0.0000000000,126
47C2C67F-9CDA-4C38-ACB9-673B556E2C4A,Solovis / SCAR 8 LP,0.0000000000,53
47C2C67F-9CDA-4C38-ACB9-673B556E2C4A,Solovis / SCAR 8 LP,0.0000000000,130
EF9FE088-EAD2-4615-9611-682B4DF91006,Solovis / Formidable Capital Ltd.,2158873.3482000000,107
EF9FE088-EAD2-4615-9611-682B4DF91006,Solovis / Formidable Capital Ltd.,2158873.3482000000,124
1D7F6F2C-AF29-49B4-9D58-68B13C779089,Solovis / Schengen Fund 3 LP (EUR),6418814.6985120000,52
1D7F6F2C-AF29-49B4-9D58-68B13C779089,Solovis / Schengen Fund 3 LP (EUR),6418814.6985120000,126
42BB4308-5AA4-4A66-8401-6A4B37FB9C4B,Solovis / Tethered China 2 LP,4290729.4800000000,22
42BB4308-5AA4-4A66-8401-6A4B37FB9C4B,Solovis / Tethered China 2 LP,4290729.4800000000,128
B0226F38-7455-40A1-847F-6A6F4470CC38,Solovis / Global Inflation Fixed Income Fund (SM),150860328.3000000000,99
B0226F38-7455-40A1-847F-6A6F4470CC38,Solovis / Global Inflation Fixed Income Fund (SM),150860328.3000000000,131
BA09F9B3-1837-426B-A444-6BB397A63AF2,Solovis / Maple Tree International Equity,190000000.0000000000,8
BA09F9B3-1837-426B-A444-6BB397A63AF2,Solovis / Maple Tree International Equity,190000000.0000000000,123
E0D53D24-AC6C-4705-A962-6CC546A47B7E,Solovis / Ellis Energy Partners,-1420.9172000000,115
E0D53D24-AC6C-4705-A962-6CC546A47B7E,Solovis / Ellis Energy Partners,-1420.9172000000,127
E47AF820-AC29-4EEA-AB3A-6DFA9B06B29C,Solovis / Matthiessen Opportunities 3 LP,19288145.5200000000,1
E47AF820-AC29-4EEA-AB3A-6DFA9B06B29C,Solovis / Matthiessen Opportunities 3 LP,19288145.5200000000,85
7DA300EB-D816-42BD-AE02-6E8178C9683B,Solovis / Sculper 4 LP,0.0000000000,51
7DA300EB-D816-42BD-AE02-6E8178C9683B,Solovis / Sculper 4 LP,0.0000000000,127
3630B396-C200-42EB-B4BD-6EE4EB349C7E,Solovis Endowment / Test VC 2,0.0000000000,31
3630B396-C200-42EB-B4BD-6EE4EB349C7E,Solovis Endowment / Test VC 2,0.0000000000,132
F4A0B368-144B-4234-9464-6F2551F8C200,Solovis / Prodigious 11 LP,401629.0300000000,30
F4A0B368-144B-4234-9464-6F2551F8C200,Solovis / Prodigious 11 LP,401629.0300000000,128
4CF185C1-540F-4B50-A3A4-6F767F2444DD,Solovis / Aspen Realty 3 LLC,256615.4300000000,72
4CF185C1-540F-4B50-A3A4-6F767F2444DD,Solovis / Aspen Realty 3 LLC,256615.4300000000,126
9B7A475D-B266-4E58-8F4D-6FC5B873B6FA,Solovis / Hearly Forests 4 LP,17719766.1080000000,95
9B7A475D-B266-4E58-8F4D-6FC5B873B6FA,Solovis / Hearly Forests 4 LP,17719766.1080000000,127
000D1E83-7615-40E7-8A94-72894027871D,Solovis / Prodigious Israel 4 LP,1595851.9500000000,30
000D1E83-7615-40E7-8A94-72894027871D,Solovis / Prodigious Israel 4 LP,1595851.9500000000,128
EDD309CF-B00D-4586-908D-73D0D43E2A86,Solovis / Ink Private Fund 3,0.0000000000,90
EDD309CF-B00D-4586-908D-73D0D43E2A86,Solovis / Ink Private Fund 3,0.0000000000,126
14AA9DD2-7032-460C-A184-7A1145C4DDBE,Solovis / Valiance Venture 2 LP,3321739.8000000000,37
14AA9DD2-7032-460C-A184-7A1145C4DDBE,Solovis / Valiance Venture 2 LP,3321739.8000000000,128
952C51E8-37D9-4796-9293-7FBE2A8E2EEE,Solovis / Clemont Fund 5 LP,0.0000000000,92
952C51E8-37D9-4796-9293-7FBE2A8E2EEE,Solovis / Clemont Fund 5 LP,0.0000000000,130
5CE4254F-B130-4E46-AAA8-81CE15289172,Solovis / SCAR 9 LP,0.0000000000,53
5CE4254F-B130-4E46-AAA8-81CE15289172,Solovis / SCAR 9 LP,0.0000000000,130
4ACEDDD9-F085-4D8E-90D4-82BE5AFDEC2E,Solovis / Genus Partners,0.0000000000,85
4ACEDDD9-F085-4D8E-90D4-82BE5AFDEC2E,Solovis / Genus Partners,0.0000000000,101
06FA490B-24CB-4821-8615-83EE9A513036,Solovis / Rope Healthcare 2 LP,1500842.3400000000,54
06FA490B-24CB-4821-8615-83EE9A513036,Solovis / Rope Healthcare 2 LP,1500842.3400000000,130
5C3D7669-79A7-4E50-A856-84A8A31E5D19,Solovis / Mildred Capital 3 LP,0.0000000000,2
5C3D7669-79A7-4E50-A856-84A8A31E5D19,Solovis / Mildred Capital 3 LP,0.0000000000,130
C8D0433C-FE97-460C-BED0-84C1CE6813EE,Solovis / MK Fund IV,2000000.0000000000,31
C8D0433C-FE97-460C-BED0-84C1CE6813EE,Solovis / MK Fund IV,2000000.0000000000,128
E4641FCE-922B-4438-884E-8571A3EC003E,Solovis / Fremont Credit Opportunities Fund B LP,7799803.2000000000,85
E4641FCE-922B-4438-884E-8571A3EC003E,Solovis / Fremont Credit Opportunities Fund B LP,7799803.2000000000,105
79D6F374-28A1-4023-A52E-861E6B373582,Solovis / Peach Partners Pan-Asian Fund,131035941.2474000000,10
79D6F374-28A1-4023-A52E-861E6B373582,Solovis / Peach Partners Pan-Asian Fund,131035941.2474000000,129
5D2DC498-65F9-4801-873B-8E3DD06C28C9,Solovis / Emerging Markets Equity Fund,130123826.1300000000,114
5D2DC498-65F9-4801-873B-8E3DD06C28C9,Solovis / Emerging Markets Equity Fund,130123826.1300000000,122
0FB71DEA-D31B-4672-BD69-8F82A7EBC7BE,Solovis / Proctor Gas 7 LP,0.0000000000,62
0FB71DEA-D31B-4672-BD69-8F82A7EBC7BE,Solovis / Proctor Gas 7 LP,0.0000000000,127
38224F25-895B-41E3-9065-90709D05133B,Solovis / European Long Fund (EUR),95704999.9560043500,110
38224F25-895B-41E3-9065-90709D05133B,Solovis / European Long Fund (EUR),95704999.9560043500,123
E63863BA-C4C9-4EE4-B3B7-9247F4A1EF11,Solovis / Terrace Energy Partners 8 LP,20866765.3200000000,43
E63863BA-C4C9-4EE4-B3B7-9247F4A1EF11,Solovis / Terrace Energy Partners 8 LP,20866765.3200000000,127
324B212B-81A9-434B-BA84-95DF88D6028D,Solovis Endowment / Test Drawdown - No Inception Date,1000000.0000000000,31
324B212B-81A9-434B-BA84-95DF88D6028D,Solovis Endowment / Test Drawdown - No Inception Date,1000000.0000000000,87
06711B47-EDCF-4A72-B486-963BF9CC4A68,Solovis / Fremont Fund 5 (Coinvestment Fund B) LP,49462998.8400000000,105
06711B47-EDCF-4A72-B486-963BF9CC4A68,Solovis / Fremont Fund 5 (Coinvestment Fund B) LP,49462998.8400000000,130
F058CD5E-27EB-45A6-9D1B-98BED4F8E3BB,Solovis / Investment Fund 1 LP,0.0000000000,57
F058CD5E-27EB-45A6-9D1B-98BED4F8E3BB,Solovis / Investment Fund 1 LP,0.0000000000,128
127E47B7-0543-45E1-A5D1-991A401C054B,Solovis / Managed Futures Select Fund,57029897.8371000000,13
127E47B7-0543-45E1-A5D1-991A401C054B,Solovis / Managed Futures Select Fund,57029897.8371000000,129
1D6FFE4B-0FAB-4E0A-9D5D-99DD2B0D0AB6,Solovis / Implied Partners 6 LP,6724811.5000000000,61
1D6FFE4B-0FAB-4E0A-9D5D-99DD2B0D0AB6,Solovis / Implied Partners 6 LP,6724811.5000000000,128
C0906CAF-816B-4B34-AE70-9A02ED439FE4,Solovis Endowment / AleSmith,0.0000000000,31
C0906CAF-816B-4B34-AE70-9A02ED439FE4,Solovis Endowment / AleSmith,0.0000000000,130
2C01ADD1-997F-43D3-A05D-9C497C94A91C,Solovis Endowment / DD Test Holding,0.0000000000,31
2C01ADD1-997F-43D3-A05D-9C497C94A91C,Solovis Endowment / DD Test Holding,0.0000000000,81
DECFA7F0-4761-440E-B6A4-9C9B35C16B74,Solovis / Compact Co-Investor 2 LP,1579836.3000000000,92
DECFA7F0-4761-440E-B6A4-9C9B35C16B74,Solovis / Compact Co-Investor 2 LP,1579836.3000000000,130
FFCEB5FC-7CBA-416B-BFF7-9DE8AFE4389C,Solovis / Emerging Markets Opportunity Fund,81858423.3900000000,113
FFCEB5FC-7CBA-416B-BFF7-9DE8AFE4389C,Solovis / Emerging Markets Opportunity Fund,81858423.3900000000,122
D0D77620-6602-4702-ADB8-9F4720FB288E,Solovis / Desert Capital Partners (Cayman) L.P.,28628387.2800000000,116
D0D77620-6602-4702-ADB8-9F4720FB288E,Solovis / Desert Capital Partners (Cayman) L.P.,28628387.2800000000,124
E782785A-0C22-416A-AD5F-A0CE1D7062AA,Solovis / Oculus Opportunities 2 LP,0.0000000000,12
E782785A-0C22-416A-AD5F-A0CE1D7062AA,Solovis / Oculus Opportunities 2 LP,0.0000000000,85
5AA2A0B6-4E0C-4366-B671-A1BFACD7C6C9,Solovis / Triple Fund 9 LP,1254758.9670000000,42
5AA2A0B6-4E0C-4366-B671-A1BFACD7C6C9,Solovis / Triple Fund 9 LP,1254758.9670000000,130
E04E3CFC-DDF7-45CA-94DF-A321ED948205,Solovis / Demont Venture 2 LP,3347555.2000000000,118
E04E3CFC-DDF7-45CA-94DF-A321ED948205,Solovis / Demont Venture 2 LP,3347555.2000000000,128
876C9042-5A2E-4FAC-84F8-AA9B1C6D9564,Solovis / Entrain Energy Capital 4 LP,0.0000000000,111
876C9042-5A2E-4FAC-84F8-AA9B1C6D9564,Solovis / Entrain Energy Capital 4 LP,0.0000000000,127
7251E9C6-CCAE-4D0B-A8A0-AD0208BE1DD3,Solovis / Mildred Capital 6 LP,17567807.1800000000,2
7251E9C6-CCAE-4D0B-A8A0-AD0208BE1DD3,Solovis / Mildred Capital 6 LP,17567807.1800000000,130
A2D201F2-8705-471F-9BC3-AD10CC2D841A,Solovis / Adjusting Capital 5 LP,4886593.6400000000,77
A2D201F2-8705-471F-9BC3-AD10CC2D841A,Solovis / Adjusting Capital 5 LP,4886593.6400000000,128
2E6EDE80-E10A-455F-A567-ADE61B30DD12,Solovis / Silk Fund 9 LP,1406946.2400000000,49
2E6EDE80-E10A-455F-A567-ADE61B30DD12,Solovis / Silk Fund 9 LP,1406946.2400000000,128
F44A16D4-967D-4DD7-9C7D-AF3777E361C7,Solovis / Frog Financial LP,0.0000000000,103
F44A16D4-967D-4DD7-9C7D-AF3777E361C7,Solovis / Frog Financial LP,0.0000000000,130
914026D6-DC36-41B3-8751-B0FA0818A5CF,Solovis / Gem Fund 7/A LP,0.0000000000,102
914026D6-DC36-41B3-8751-B0FA0818A5CF,Solovis / Gem Fund 7/A LP,0.0000000000,130
F2668686-0A5D-4122-98DD-B44B7376B12C,Solovis / Apparatus Real Estate Fund 3 LP,71874.6000000000,74
F2668686-0A5D-4122-98DD-B44B7376B12C,Solovis / Apparatus Real Estate Fund 3 LP,71874.6000000000,126
4BF0A584-F3BA-4896-8047-B450A4C5FEC5,Solovis Endowment / Mgraf Test Cash Account,0.0000000000,78
4BF0A584-F3BA-4896-8047-B450A4C5FEC5,Solovis Endowment / Mgraf Test Cash Account,0.0000000000,87
1591D1A1-75E9-474A-936B-B569FA81436D,Solovis Endowment / Test Drawdown - No Commitment,3000.0000000000,31
1591D1A1-75E9-474A-936B-B569FA81436D,Solovis Endowment / Test Drawdown - No Commitment,3000.0000000000,87
DD792A64-2A94-49D7-86F5-B64C73FD52CD,Solovis / Sillow Qualified Purchaser 4 LP,574597.4900000000,48
DD792A64-2A94-49D7-86F5-B64C73FD52CD,Solovis / Sillow Qualified Purchaser 4 LP,574597.4900000000,128
23782D6D-7538-43EB-97AD-B8E8D7F16000,Solovis / Clemont Fund 6 LP,164328.4600000000,92
23782D6D-7538-43EB-97AD-B8E8D7F16000,Solovis / Clemont Fund 6 LP,164328.4600000000,130
C4ACFCEA-79AF-4B7D-8ECF-BA22BD4A5581,Solovis / Gem Fund 8/B LP,1364269.8200000000,102
C4ACFCEA-79AF-4B7D-8ECF-BA22BD4A5581,Solovis / Gem Fund 8/B LP,1364269.8200000000,130
B6887EFB-3843-4356-8C29-BAABFD2D2A13,Solovis Endowment / Test VC 1 Entity,0.0000000000,31
B6887EFB-3843-4356-8C29-BAABFD2D2A13,Solovis Endowment / Test VC 1 Entity,0.0000000000,133
ADB10771-5A63-4FAD-B9E8-BBA50623F8E3,Solovis / Credit Annex Fund 12 LP,4413.2000000000,91
ADB10771-5A63-4FAD-B9E8-BBA50623F8E3,Solovis / Credit Annex Fund 12 LP,4413.2000000000,128
8DBC6216-FCF9-465E-A507-BBCF6F130BA3,Solovis / Peach Partners Offshore Opportunities,6317667.3590000000,10
8DBC6216-FCF9-465E-A507-BBCF6F130BA3,Solovis / Peach Partners Offshore Opportunities,6317667.3590000000,129
A338BA30-4B3B-40C2-B8E3-C1F591FEA6BD,Solovis / Turner Mortgage LP,0.0000000000,39
A338BA30-4B3B-40C2-B8E3-C1F591FEA6BD,Solovis / Turner Mortgage LP,0.0000000000,85
9FCA6AE4-F769-4858-99F8-C4674463C606,Solovis / Growth Land Partners 1 LP,0.0110000000,102
9FCA6AE4-F769-4858-99F8-C4674463C606,Solovis / Growth Land Partners 1 LP,0.0110000000,126
474797A9-02D3-4ABF-9DC1-C6F1BEC72B68,Solovis / Oculus Real Estate 2 LP,0.0000000000,12
474797A9-02D3-4ABF-9DC1-C6F1BEC72B68,Solovis / Oculus Real Estate 2 LP,0.0000000000,126
545A1485-3242-49D1-92A4-C99BEFCCB4E6,Solovis / Jumper Fund 5 LP,7085925.3600000000,23
545A1485-3242-49D1-92A4-C99BEFCCB4E6,Solovis / Jumper Fund 5 LP,7085925.3600000000,130
678F7B33-E483-49EF-94C1-CB5472CABA5C,Solovis / Wellesley 5 LP,1786475.8440000000,35
678F7B33-E483-49EF-94C1-CB5472CABA5C,Solovis / Wellesley 5 LP,1786475.8440000000,130
2342B27A-07E2-44AA-81B5-CBE3285DFBA4,Solovis / Ridgeroad Partners 4 LP,0.0000000000,55
2342B27A-07E2-44AA-81B5-CBE3285DFBA4,Solovis / Ridgeroad Partners 4 LP,0.0000000000,127
E507809A-5B4B-4811-8673-CC6D442C25B2,Solovis / Libra Realty LP,1126869.3481000000,18
E507809A-5B4B-4811-8673-CC6D442C25B2,Solovis / Libra Realty LP,1126869.3481000000,126
ECE864D6-19E8-4E06-BDB2-CE30B5F2FA20,Solovis / Proctor Gas 9 LP,2756269.2400000000,62
ECE864D6-19E8-4E06-BDB2-CE30B5F2FA20,Solovis / Proctor Gas 9 LP,2756269.2400000000,127
80B638D1-770F-4AA3-BC11-CEC4C9319542,Solovis / Fielding Capital 4,107846978.0400000000,109
80B638D1-770F-4AA3-BC11-CEC4C9319542,Solovis / Fielding Capital 4,107846978.0400000000,124
19A25F4D-E19C-4650-A80C-D08207C3D6C2,Solovis / Proven Partners 4 LP,0.0000000000,29
19A25F4D-E19C-4650-A80C-D08207C3D6C2,Solovis / Proven Partners 4 LP,0.0000000000,130
C1865E04-C0D1-4E9B-B102-D09F2D8A85D0,Solovis / Primer 8A LP,663049.1800000000,28
C1865E04-C0D1-4E9B-B102-D09F2D8A85D0,Solovis / Primer 8A LP,663049.1800000000,128
12CCBA59-F36B-4AA8-91BB-D4A621EE4AAE,Solovis / Illium Annex Fund LP,32220.1000000000,60
12CCBA59-F36B-4AA8-91BB-D4A621EE4AAE,Solovis / Illium Annex Fund LP,32220.1000000000,130
5D7609CB-16E0-4257-BCC4-D61927EEAD93,Solovis / Moderna 8 LP,4296231.3600000000,3
5D7609CB-16E0-4257-BCC4-D61927EEAD93,Solovis / Moderna 8 LP,4296231.3600000000,128
8FD9610B-251A-4C84-820C-D7E6CB4211DB,Solovis / Prodigious India Fund Ltd,2013395.4000000000,30
8FD9610B-251A-4C84-820C-D7E6CB4211DB,Solovis / Prodigious India Fund Ltd,2013395.4000000000,128
20AFBF56-FBAE-458D-A558-D85ACF5BD189,Solovis / Kryptonite Energy Fund 4 LP,2369044.1500000000,21
20AFBF56-FBAE-458D-A558-D85ACF5BD189,Solovis / Kryptonite Energy Fund 4 LP,2369044.1500000000,127
2C62E640-C6F4-4291-9879-DA13E53F844C,Solovis / Apparatus Fund 4 LP,70378.1800000000,74
2C62E640-C6F4-4291-9879-DA13E53F844C,Solovis / Apparatus Fund 4 LP,70378.1800000000,130
58259694-1F4D-40B2-BFD8-DA439A260707,Solovis / Linked Partners 5 LP,17906166.3000000000,16
58259694-1F4D-40B2-BFD8-DA439A260707,Solovis / Linked Partners 5 LP,17906166.3000000000,127
4E38B595-8623-42A7-831F-DBB6304FF5A3,Solovis / Derris Commodity Partners 5 LP,8233358.2217000000,117
4E38B595-8623-42A7-831F-DBB6304FF5A3,Solovis / Derris Commodity Partners 5 LP,8233358.2217000000,127
6F7656EC-0707-4FD8-8C0D-DBBED1B179E2,Solovis / Inter 4 LP (EUR),3414334.5992640000,59
6F7656EC-0707-4FD8-8C0D-DBBED1B179E2,Solovis / Inter 4 LP (EUR),3414334.5992640000,130
1D2A43A1-71F6-4A2A-80E7-DCCC81758A6E,Solovis Endowment / S&P 100 (SMA),0.0000000000,31
1D2A43A1-71F6-4A2A-80E7-DCCC81758A6E,Solovis Endowment / S&P 100 (SMA),0.0000000000,87
83B03E46-F534-4660-86AD-E05614399DFA,Solovis / Proctor Gas 6 LP,0.0000000000,62
83B03E46-F534-4660-86AD-E05614399DFA,Solovis / Proctor Gas 6 LP,0.0000000000,127
3BF5B847-6140-413B-AC30-E17F8E5267A4,Solovis / Prodigious Israel 3 LP,1114105.3500000000,30
3BF5B847-6140-413B-AC30-E17F8E5267A4,Solovis / Prodigious Israel 3 LP,1114105.3500000000,128
813A9A28-537E-413F-9C0C-E35CD218185A,Solovis / Implied Partners 7 LP,3696322.8200000000,61
813A9A28-537E-413F-9C0C-E35CD218185A,Solovis / Implied Partners 7 LP,3696322.8200000000,128
0F601B6A-C728-4D07-A336-E489568A895C,Solovis / US Large Cap Fund,169246976.0800000000,38
0F601B6A-C728-4D07-A336-E489568A895C,Solovis / US Large Cap Fund,169246976.0800000000,81
C466605B-E1EB-495C-B333-E6E5A3550DE5,Solovis / Agility Capital Recovery 2 LP,-4360.0000000000,76
C466605B-E1EB-495C-B333-E6E5A3550DE5,Solovis / Agility Capital Recovery 2 LP,-4360.0000000000,85
C9F7286D-F420-4F8E-B96E-E7584A22A501,Solovis / Entrain Energy Capital 7 LP,921659.9187000000,111
C9F7286D-F420-4F8E-B96E-E7584A22A501,Solovis / Entrain Energy Capital 7 LP,921659.9187000000,127
28C3889A-437C-4210-A3B0-E8415F1DE228,Solovis / Battered Venture 6 LP,14000.0000000000,71
28C3889A-437C-4210-A3B0-E8415F1DE228,Solovis / Battered Venture 6 LP,14000.0000000000,128
DF109A28-9D4E-43F0-8F4F-EAD52A2DEACE,Solovis / Level Realty 4 LP,1497444.6700000000,19
DF109A28-9D4E-43F0-8F4F-EAD52A2DEACE,Solovis / Level Realty 4 LP,1497444.6700000000,126
36CCB3D4-BCDD-4D08-A98F-ECA67A30AF24,Solovis / Privy Capital Group,0.0000000000,58
36CCB3D4-BCDD-4D08-A98F-ECA67A30AF24,Solovis / Privy Capital Group,0.0000000000,126
43165DD4-BB34-4944-99C7-ECB169B3952A,Solovis Endowment / TEST Cash,5000000.0000000000,79
43165DD4-BB34-4944-99C7-ECB169B3952A,Solovis Endowment / TEST Cash,5000000.0000000000,87
892D4BEE-ACCE-40E9-8BE6-EDAC24454B65,Solovis / Grape Leaf 2 LP,4558513.5530000000,96
892D4BEE-ACCE-40E9-8BE6-EDAC24454B65,Solovis / Grape Leaf 2 LP,4558513.5530000000,130
D50052C3-3657-4F27-9F07-EDF6DDFA07CF,Solovis / Prodigious China Venture 2010 LP,4785819.4000000000,30
D50052C3-3657-4F27-9F07-EDF6DDFA07CF,Solovis / Prodigious China Venture 2010 LP,4785819.4000000000,128
BFFEE588-5925-4DC7-AB2D-EF083B6A16C9,Solovis / Molar Energy G LP,12020495.5600000000,4
BFFEE588-5925-4DC7-AB2D-EF083B6A16C9,Solovis / Molar Energy G LP,12020495.5600000000,127
F483CB50-8397-4C67-8462-EF13D9753ECE,Solovis / Kelmer China Fund LP,15673776.8000000000,22
F483CB50-8397-4C67-8462-EF13D9753ECE,Solovis / Kelmer China Fund LP,15673776.8000000000,128
6983D749-5342-4775-A53D-F09FAC8D4CC5,Solovis / US Real Asset Partners (SM),78309768.4000000000,9
6983D749-5342-4775-A53D-F09FAC8D4CC5,Solovis / US Real Asset Partners (SM),78309768.4000000000,126
5B8D3346-DD16-4FF5-B297-F1744B67A006,Solovis / Agility Capital Recovery 3 LP,0.0000000000,76
5B8D3346-DD16-4FF5-B297-F1744B67A006,Solovis / Agility Capital Recovery 3 LP,0.0000000000,85
18F71633-87D1-4BF1-BA6F-F1AFA05AE933,Solovis / Caesar 4 LP,790702.0660000000,65
18F71633-87D1-4BF1-BA6F-F1AFA05AE933,Solovis / Caesar 4 LP,790702.0660000000,130
8578F90F-8C07-48B8-AD11-F1C7AC174848,Solovis / Friends Equity LP,2028596.2000000000,104
8578F90F-8C07-48B8-AD11-F1C7AC174848,Solovis / Friends Equity LP,2028596.2000000000,130
4352DED3-D484-434A-A076-F23F97036490,Solovis / Wimmer Real Estate Partnership 7 and 8,0.0000000000,101
4352DED3-D484-434A-A076-F23F97036490,Solovis / Wimmer Real Estate Partnership 7 and 8,0.0000000000,126
EF5DD9FC-4155-48A8-A0CE-F2858F653622,Solovis / Oculus Opportunities 4 LP,4131.0000000000,12
EF5DD9FC-4155-48A8-A0CE-F2858F653622,Solovis / Oculus Opportunities 4 LP,4131.0000000000,85
437642EA-D5E5-43C1-B169-F2BC04FD1814,Solovis / Bennington US Feeder 3 LP (EUR),7915311.9424440000,68
437642EA-D5E5-43C1-B169-F2BC04FD1814,Solovis / Bennington US Feeder 3 LP (EUR),7915311.9424440000,126
B6D8F912-996A-43A9-9F81-F3D1650EDD69,Solovis / Munk Partners 9 LP,5306076.7200000000,5
B6D8F912-996A-43A9-9F81-F3D1650EDD69,Solovis / Munk Partners 9 LP,5306076.7200000000,126
D59C18AF-1D48-4FE3-A89C-F4035237848B,Solovis / Orange Capital US Equity (SM),107238230.4000000000,6
D59C18AF-1D48-4FE3-A89C-F4035237848B,Solovis / Orange Capital US Equity (SM),107238230.4000000000,81
467A398E-6CFC-4BC6-BDB7-F4547B034928,Solovis / High Yield Credit Partners,53935714.3500000000,85
467A398E-6CFC-4BC6-BDB7-F4547B034928,Solovis / High Yield Credit Partners,53935714.3500000000,94
1155C0CF-166A-4EA3-9FB8-F4664F94DF47,Solovis / Offshore US Equity Fund,71597042.7576000000,81
1155C0CF-166A-4EA3-9FB8-F4664F94DF47,Solovis / Offshore US Equity Fund,71597042.7576000000,116
D5A441DC-CF5F-432B-9A51-F501FFC7F5B1,Solovis / Prodigious 10 LP,300206.5500000000,30
D5A441DC-CF5F-432B-9A51-F501FFC7F5B1,Solovis / Prodigious 10 LP,300206.5500000000,128
68770955-2740-46D6-9372-F6CAD90AC78B,Solovis / Frederix Dynamic Puts (SM),55516996.7000000000,106
68770955-2740-46D6-9372-F6CAD90AC78B,Solovis / Frederix Dynamic Puts (SM),55516996.7000000000,129
138F153D-7F4A-461C-B72D-F736E5C7D20F,Solovis / Growth Land Finance Partners LP,618408.6400000000,102
138F153D-7F4A-461C-B72D-F736E5C7D20F,Solovis / Growth Land Finance Partners LP,618408.6400000000,126
EC07A2FA-B3EE-4F45-A880-F8934DD34BBB,Solovis / Mildred Capital 4 LP,3347798.7500000000,2
EC07A2FA-B3EE-4F45-A880-F8934DD34BBB,Solovis / Mildred Capital 4 LP,3347798.7500000000,130
B188B4F0-E254-4363-B657-F962B5A54E7F,Solovis / Brazil Equity Fund (BRL),44281855.6430789000,67
B188B4F0-E254-4363-B657-F962B5A54E7F,Solovis / Brazil Equity Fund (BRL),44281855.6430789000,122
1088A856-A353-46CA-BE2D-FC22A7DD825B,Solovis / Granular LP,0.0000000000,97
1088A856-A353-46CA-BE2D-FC22A7DD825B,Solovis / Granular LP,0.0000000000,128
98BEC44B-8CD6-4EF5-B40C-FC6A69D52225,Solovis / Emitting Energy Equity,-227909.0940000000,112
98BEC44B-8CD6-4EF5-B40C-FC6A69D52225,Solovis / Emitting Energy Equity,-227909.0940000000,127
203548F2-B756-4489-83C1-FCFBD3D78A3F,Solovis Endowment / Uncalled Test Fund,0.0000000000,31
203548F2-B756-4489-83C1-FCFBD3D78A3F,Solovis Endowment / Uncalled Test Fund,0.0000000000,87
28807A3E-C357-40EC-AA2C-FD71EC4A4EAD,Solovis / Cryptic X Financial Fund 2,0.0000000000,119
28807A3E-C357-40EC-AA2C-FD71EC4A4EAD,Solovis / Cryptic X Financial Fund 2,0.0000000000,130
76E4DE3C-0C50-41E9-BC00-FE612D1B253E,Solovis / Velum 9 LP,3456249.1611000000,36
76E4DE3C-0C50-41E9-BC00-FE612D1B253E,Solovis / Velum 9 LP,3456249.1611000000,85
DF4A2CBB-8CBB-48D7-A43D-FEE9B4CE7768,Solovis / Brooklyn Capital 2,0.0000000000,66
DF4A2CBB-8CBB-48D7-A43D-FEE9B4CE7768,Solovis / Brooklyn Capital 2,0.0000000000,128
B460FD29-F538-4C00-89CF-FF6DB0A511FB,Solovis / Caper Investment Fund LP,172143.5474000000,64
B460FD29-F538-4C00-89CF-FF6DB0A511FB,Solovis / Caper Investment Fund LP,172143.5474000000,130
9474CF6D-FDA1-4A10-8727-FFD109599786,Solovis / Celtic Real Estate LP - Series 1,112963.1100000000,89
9474CF6D-FDA1-4A10-8727-FFD109599786,Solovis / Celtic Real Estate LP - Series 1,112963.1100000000,126
844728ED-200D-41A1-80E6-FFF7013C5AAC,Solovis / Flux 8 LP,0.0000000000,108
844728ED-200D-41A1-80E6-FFF7013C5AAC,Solovis / Flux 8 LP,0.0000000000,130
